-- POPULANDO AS TABLES
-- Tabela Usuário
select * from usuario;
insert into usuario (userID, nome, email, entregaID, cobrancaID) values 
(1, 'Harmonia', 'hcrewther0@hp.com', 114, 150),
(2, 'Renata', 'rbresson1@google.ru', 176, 74),
(3, 'Roi', 'rplenty2@prnewswire.com', 165, 13),
(4, 'Jacob', 'jsanbrook3@cnet.com', 92, 118),
(5, 'Seth', 'sbetun4@latimes.com', 146, 178),
(6, 'Joleen', 'jjagg5@imageshack.us', 4, 39),
(7, 'Chryste', 'cdelaeglise6@opera.com', 193, 186),
(8, 'Audre', 'aflucker7@ucoz.ru', 180, 161),
(9, 'King', 'kolfert8@mayoclinic.com', 112, 109),
(10, 'Kellia', 'koats9@senate.gov', 147, 153),
(11, 'Marlane', 'mwoosnama@squidoo.com', 125, 114),
(12, 'Gustav', 'grawlcliffeb@creativecommons.org', 65, 67),
(13, 'Timmie', 'tyashaevc@themeforest.net', 11, 50),
(14, 'Randell', 'rtathamd@youtube.com', 68, 174),
(15, 'Niel', 'ndavioe@ted.com', 166, 28),
(16, 'Bertrando', 'bmulryanf@go.com', 66, 189),
(17, 'Fax', 'fbroomerg@yahoo.co.jp', 199, 101),
(18, 'Douglass', 'dquartermanh@people.com.cn', 189, 96),
(19, 'Smitty', 'smorgani@nytimes.com', 184, 182),
(20, 'Cedric', 'cmcclintonj@mysql.com', 139, 152),
(21, 'Fredrick', 'flaurenceauk@friendfeed.com', 61, 29),
(22, 'Sisile', 'sgrowcottl@printfriendly.com', 159, 23),
(23, 'Gerrie', 'gpiggotm@fc2.com', 56, 141),
(24, 'Jarrad', 'jbockinn@soundcloud.com', 37, 48),
(25, 'Marleen', 'madicoto@wordpress.org', 137, 97),
(26, 'Meghan', 'mfraczakp@nba.com', 72, 96),
(27, 'Mile', 'mduckittq@adobe.com', 13, 193),
(28, 'Chlo', 'cgasquoiner@angelfire.com', 66, 158),
(29, 'Salomone', 'sdenyers@pen.io', 110, 76),
(30, 'Frayda', 'fpurplet@arizona.edu', 13, 15),
(31, 'Eli', 'ebrimmingu@eventbrite.com', 83, 61),
(32, 'Anita', 'abedboroughv@canalblog.com', 166, 129),
(33, 'Allen', 'apickupw@etsy.com', 14, 85),
(34, 'Bryanty', 'bclaussonx@linkedin.com', 114, 11),
(35, 'Keriann', 'ktothery@uiuc.edu', 123, 31),
(36, 'Sol', 'swasteneyz@fastcompany.com', 22, 140),
(37, 'Shaine', 'sdaulton10@ted.com', 135, 18),
(38, 'Tally', 'tkneesha11@indiatimes.com', 167, 34),
(39, 'Coop', 'cjoanaud12@yellowbook.com', 126, 199),
(40, 'Casper', 'cmariault13@yahoo.com', 28, 195),
(41, 'Sharleen', 'salderson14@vinaora.com', 132, 172),
(42, 'Aurelia', 'avansalzberger15@yolasite.com', 155, 71),
(43, 'Redd', 'rlouder16@de.vu', 112, 12),
(44, 'Ammamaria', 'abrittian17@gizmodo.com', 61, 149),
(45, 'Marylin', 'mferry18@howstuffworks.com', 83, 148),
(46, 'Nickola', 'nhorney19@slideshare.net', 111, 49),
(47, 'Mariann', 'mponsford1a@bloglovin.com', 132, 158),
(48, 'Latia', 'lzapatero1b@reddit.com', 120, 41),
(49, 'Chic', 'cblackhurst1c@adobe.com', 174, 45),
(50, 'Moshe', 'mjilliss1d@joomla.org', 44, 51),
(51, 'Karlis', 'kmccurtain1e@ox.ac.uk', 142, 167),
(52, 'Donni', 'dtowersey1f@businesswire.com', 143, 18),
(53, 'Timofei', 'tstranaghan1g@nba.com', 53, 100),
(54, 'Frederica', 'fkelsey1h@dagondesign.com', 197, 91),
(55, 'Kaitlynn', 'klapley1i@discuz.net', 24, 139),
(56, 'Eustace', 'econachie1j@google.pl', 192, 177),
(57, 'Harcourt', 'hentwhistle1k@vistaprint.com', 132, 37),
(58, 'Ellerey', 'enabarro1l@loc.gov', 66, 105),
(59, 'Yank', 'ydelieu1m@imdb.com', 159, 135),
(60, 'Korry', 'kmerida1n@examiner.com', 3, 68),
(61, 'Philippe', 'pgiacometti1o@devhub.com', 182, 35),
(62, 'Jaclyn', 'jdoggart1p@unicef.org', 5, 111),
(63, 'Keeley', 'kpaskell1q@reverbnation.com', 107, 156),
(64, 'Mina', 'mzaniolini1r@oakley.com', 8, 178),
(65, 'Leah', 'lcanon1s@smh.com.au', 150, 43),
(66, 'Arie', 'aschole1t@un.org', 91, 142),
(67, 'Rivkah', 'rmeletti1u@123-reg.co.uk', 9, 44),
(68, 'Ernesto', 'egreenrod1v@go.com', 146, 40),
(69, 'Cordy', 'cbellham1w@123-reg.co.uk', 113, 117),
(70, 'Samara', 'sscotchmer1x@house.gov', 127, 106),
(71, 'Cary', 'cblasio1y@bloomberg.com', 35, 134),
(72, 'Rhoda', 'rmalimoe1z@barnesandnoble.com', 112, 183),
(73, 'Gaston', 'gchick20@gov.uk', 189, 116),
(74, 'Anstice', 'amizzi21@hao123.com', 199, 198),
(75, 'Yorker', 'ysegoe22@histats.com', 74, 123),
(76, 'Bradly', 'babad23@bandcamp.com', 87, 113),
(77, 'Winston', 'wtremayne24@aol.com', 126, 143),
(78, 'Phebe', 'pmcilveen25@newsvine.com', 151, 56),
(79, 'Fergus', 'fmacmeanma26@cnet.com', 95, 141),
(80, 'Winifield', 'wkennifeck27@senate.gov', 50, 87),
(81, 'Omero', 'odaud28@mapquest.com', 137, 34),
(82, 'Tait', 'tofinan29@who.int', 149, 90),
(83, 'Conrad', 'csykora2a@soundcloud.com', 54, 199),
(84, 'Dorthea', 'dclelland2b@jiathis.com', 62, 82),
(85, 'Gordie', 'ghalston2c@networksolutions.com', 87, 17),
(86, 'Gale', 'gcausnett2d@about.me', 177, 144),
(87, 'Sigismund', 'ssharp2e@wunderground.com', 198, 136),
(88, 'Nate', 'neynald2f@tiny.cc', 189, 47),
(89, 'Paige', 'poconcannon2g@mapquest.com', 32, 154),
(90, 'Almire', 'akerford2h@yandex.ru', 129, 185),
(91, 'Loydie', 'ldedenham2i@4shared.com', 157, 137),
(92, 'Rik', 'rlepoidevin2j@netlog.com', 190, 94),
(93, 'Cullin', 'cboys2k@unc.edu', 97, 113),
(94, 'Jonah', 'jsiemianowicz2l@ameblo.jp', 85, 118),
(95, 'Annadiana', 'acluer2m@bloglines.com', 66, 165),
(96, 'Guthrie', 'gtumbridge2n@loc.gov', 155, 12),
(97, 'Pippy', 'prennard2o@wix.com', 145, 132),
(98, 'Emile', 'estoffler2p@example.com', 167, 78),
(99, 'Lizette', 'lsmurfit2q@gnu.org', 120, 191),
(100, 'Vern', 'vcaser2r@businessinsider.com', 194, 8),
(101, 'Vale', 'vrobb2s@sphinn.com', 129, 9),
(102, 'Bridie', 'bberkeley2t@ted.com', 184, 69),
(103, 'Cristi', 'csedwick2u@va.gov', 5, 37),
(104, 'Marcelo', 'modell2v@slate.com', 61, 144),
(105, 'Bonnie', 'bmoralee2w@time.com', 199, 21),
(106, 'Lauralee', 'lcorlett2x@constantcontact.com', 22, 1),
(107, 'Bailey', 'bmacfadden2y@cbsnews.com', 164, 40),
(108, 'Alex', 'agibbins2z@boston.com', 101, 160),
(109, 'Alexandr', 'aarbuckle30@nifty.com', 130, 171),
(110, 'Hortensia', 'hjotcham31@paypal.com', 170, 116),
(111, 'Garrott', 'glumsdon32@uol.com.br', 150, 24),
(112, 'Cristiano', 'ckearle33@alexa.com', 18, 134),
(113, 'Barn', 'bryde34@mtv.com', 24, 189),
(114, 'Gibby', 'gmcdavid35@hp.com', 188, 72),
(115, 'Udall', 'udundon36@narod.ru', 174, 169),
(116, 'Neala', 'nallix37@technorati.com', 191, 13),
(117, 'Lavena', 'lwisdish38@mapquest.com', 55, 123),
(118, 'Tamra', 'tpeplow39@psu.edu', 126, 27),
(119, 'Bette', 'bcornillot3a@ezinearticles.com', 163, 116),
(120, 'Mari', 'mbraunroth3b@time.com', 114, 96),
(121, 'Lucian', 'lmoakson3c@unc.edu', 77, 146),
(122, 'Christan', 'cforlong3d@cnn.com', 66, 173),
(123, 'Mara', 'mades3e@stanford.edu', 66, 118),
(124, 'Morty', 'mgaven3f@epa.gov', 9, 149),
(125, 'Juliette', 'jangliss3g@boston.com', 153, 46),
(126, 'Myles', 'mmatijevic3h@chron.com', 30, 122),
(127, 'Gasper', 'gbotterell3i@admin.ch', 134, 90),
(128, 'Maurizia', 'mfeaks3j@plala.or.jp', 173, 189),
(129, 'Olivier', 'oabbatini3k@goo.gl', 28, 89),
(130, 'Viviene', 'vsullly3l@disqus.com', 169, 44),
(131, 'Zia', 'zhazard3m@issuu.com', 137, 183),
(132, 'Mano', 'mbroadhurst3n@shinystat.com', 142, 10),
(133, 'Fara', 'ffoot3o@technorati.com', 43, 19),
(134, 'Adelbert', 'arapley3p@acquirethisname.com', 179, 65),
(135, 'Giselle', 'grookwell3q@statcounter.com', 125, 3),
(136, 'Friedrick', 'fgirdler3r@cbc.ca', 95, 188),
(137, 'Rodolfo', 'rackrill3s@slideshare.net', 84, 108),
(138, 'Gifford', 'gtattersill3t@hibu.com', 75, 152),
(139, 'Herman', 'hcoote3u@huffingtonpost.com', 181, 135),
(140, 'Reggy', 'rbaggiani3v@wired.com', 186, 14),
(141, 'Keir', 'kcalvert3w@constantcontact.com', 51, 186),
(142, 'Trisha', 'tmarkovich3x@histats.com', 61, 83),
(143, 'Conroy', 'cdalbey3y@craigslist.org', 185, 72),
(144, 'Kessiah', 'ktoulch3z@businessinsider.com', 92, 189),
(145, 'Daphne', 'diacovolo40@sun.com', 86, 94),
(146, 'Emera', 'ekubek41@archive.org', 155, 70),
(147, 'Laird', 'lbaltzar42@adobe.com', 151, 88),
(148, 'Roley', 'rnorthbridge43@com.com', 145, 24),
(149, 'Trenton', 'trittmeier44@cnn.com', 97, 186),
(150, 'Darrelle', 'darpur45@storify.com', 174, 136),
(151, 'Rickie', 'rgreenig46@cargocollective.com', 155, 48),
(152, 'Saleem', 'sitzkovici47@usnews.com', 140, 152),
(153, 'Bran', 'bpitts48@umn.edu', 116, 96),
(154, 'Broddy', 'bhuzzay49@canalblog.com', 67, 24),
(155, 'Amelia', 'areynalds4a@hugedomains.com', 82, 90),
(156, 'Kay', 'kcartmale4b@examiner.com', 150, 134),
(157, 'Stephine', 'sgreaves4c@posterous.com', 197, 197),
(158, 'Arlin', 'aoppy4d@phpbb.com', 83, 24),
(159, 'Jaclyn', 'jrobottom4e@kickstarter.com', 115, 45),
(160, 'Bernie', 'bkemble4f@arizona.edu', 172, 142),
(161, 'Maurise', 'mtrayes4g@google.com.hk', 140, 33),
(162, 'Augustine', 'agilbee4h@yellowpages.com', 137, 39),
(163, 'Daffie', 'dbarber4i@army.mil', 52, 198),
(164, 'Philippe', 'pcasey4j@domainmarket.com', 38, 52),
(165, 'Kingsly', 'kpelman4k@soundcloud.com', 87, 128),
(166, 'Shae', 'swhittaker4l@behance.net', 80, 137),
(167, 'Beatrix', 'bside4m@yahoo.com', 148, 61),
(168, 'Jermaine', 'jromaynes4n@lycos.com', 184, 64),
(169, 'Antonio', 'ajacquemard4o@pinterest.com', 53, 89),
(170, 'Arel', 'abriers4p@loc.gov', 2, 84),
(171, 'Westbrook', 'wseabrocke4q@globo.com', 60, 194),
(172, 'Calley', 'cfadian4r@wired.com', 197, 40),
(173, 'Arline', 'alowy4s@wikimedia.org', 106, 44),
(174, 'Hobard', 'hvasyukhin4t@engadget.com', 87, 145),
(175, 'Lonee', 'ldudmarsh4u@accuweather.com', 81, 133),
(176, 'Kathe', 'keliesco4v@army.mil', 166, 102),
(177, 'Niall', 'njohnsey4w@creativecommons.org', 151, 27),
(178, 'Ransell', 'rdanbrook4x@amazon.com', 131, 73),
(179, 'Farah', 'fbrymner4y@clickbank.net', 90, 6),
(180, 'Andriette', 'aiashvili4z@bandcamp.com', 176, 149),
(181, 'Taddeo', 'trollo50@slate.com', 142, 90),
(182, 'Sydney', 'smewes51@nydailynews.com', 144, 110),
(183, 'Earlie', 'efeathers52@google.com', 189, 140),
(184, 'Calvin', 'csive53@cloudflare.com', 93, 160),
(185, 'Clark', 'cscotchbourouge54@freewebs.com', 79, 37),
(186, 'Jere', 'jcousins55@senate.gov', 147, 54),
(187, 'Taffy', 'tshoesmith56@technorati.com', 39, 200),
(188, 'Carita', 'cassiratti57@chicagotribune.com', 118, 194),
(189, 'Jodi', 'jdron58@elegantthemes.com', 191, 151),
(190, 'Ebba', 'ewiggington59@rakuten.co.jp', 198, 60),
(191, 'Rikki', 'rbrackenbury5a@msn.com', 46, 7),
(192, 'Tildie', 'tdowne5b@oracle.com', 169, 161),
(193, 'Merwyn', 'mwhithalgh5c@msu.edu', 24, 110),
(194, 'Avram', 'areyna5d@soundcloud.com', 187, 4),
(195, 'Clay', 'clatey5e@geocities.com', 142, 5),
(196, 'Jacinta', 'jjoynt5f@dyndns.org', 49, 67),
(197, 'Kim', 'kdelafield5g@moonfruit.com', 113, 104),
(198, 'Lotta', 'lsainsburybrown5h@mlb.com', 56, 15),
(199, 'Sue', 'sjurisch5i@wisc.edu', 158, 6),
(200, 'Jaquith', 'jprothero5j@linkedin.com', 69, 172);
select * from usuario;
	
-- Tabela Pagamento
select * from pagamento;
insert into pagamento (cobrancaID, metodopagamento, userID, valor, datapagamento) values 
(1, 'mastercard', 27, '14.51', '2022-02-18'),
(2, 'mastercard', 126, '235.86', '2023-09-18'),
(3, 'mastercard', 142, '15.28', '2023-05-07'),
(4, 'mastercard', 46, '542.17', '2021-06-11'),
(5, 'mastercard', 24, '688.16', '2023-04-10'),
(6, 'mastercard', 168, '98.18', '2021-05-14'),
(7, 'mastercard', 139, '306.46', '2023-04-07'),
(8, 'mastercard', 164, '183.09', '2022-12-02'),
(9, 'mastercard', 125, '353.06', '2023-02-09'),
(10, 'mastercard', 187, '719.49', '2023-02-21'),
(11, 'mastercard', 105, '73.74', '2020-03-09'),
(12, 'mastercard', 35, '531.34', '2020-11-07'),
(13, 'mastercard', 167, '157.04', '2022-03-31'),
(14, 'mastercard', 160, '577.44', '2023-06-25'),
(15, 'mastercard', 91, '663.01', '2021-09-09'),
(16, 'mastercard', 155, '735.34', '2022-01-09'),
(17, 'mastercard', 91, '275.75', '2020-05-15'),
(18, 'mastercard', 179, '207.66', '2023-08-31'),
(19, 'mastercard', 199, '318.32', '2023-09-02'),
(20, 'mastercard', 28, '629.31', '2022-08-02'),
(21, 'mastercard', 178, '436.49', '2020-08-23'),
(22, 'mastercard', 146, '719.79', '2023-02-28'),
(23, 'mastercard', 100, '797.06', '2020-03-18'),
(24, 'mastercard', 164, '318.66', '2022-02-18'),
(25, 'mastercard', 116, '118.02', '2019-12-10'),
(26, 'mastercard', 131, '270.42', '2021-04-13'),
(27, 'mastercard', 29, '192.39', '2022-06-15'),
(28, 'mastercard', 156, '599.26', '2021-05-19'),
(29, 'mastercard', 53, '355.09', '2022-07-25'),
(30, 'mastercard', 128, '769.54', '2019-11-11'),
(31, 'mastercard', 36, '763.37', '2020-05-15'),
(32, 'mastercard', 86, '155.41', '2022-04-18'),
(33, 'mastercard', 196, '548.10', '2021-04-04'),
(34, 'mastercard', 91, '476.79', '2020-09-10'),
(35, 'mastercard', 139, '524.21', '2020-08-28'),
(36, 'mastercard', 45, '373.08', '2023-01-23'),
(37, 'mastercard', 86, '689.14', '2022-06-12'),
(38, 'mastercard', 101, '421.61', '2021-11-28'),
(39, 'mastercard', 1, '601.56', '2020-02-10'),
(40, 'mastercard', 61, '39.98', '2023-06-22'),
(41, 'mastercard', 60, '516.90', '2020-07-08'),
(42, 'mastercard', 73, '63.55', '2023-02-27'),
(43, 'mastercard', 123, '337.27', '2019-12-19'),
(44, 'mastercard', 199, '316.76', '2023-07-06'),
(45, 'mastercard', 19, '154.79', '2023-04-23'),
(46, 'mastercard', 131, '192.54', '2020-09-20'),
(47, 'mastercard', 29, '607.70', '2020-07-29'),
(48, 'mastercard', 99, '383.01', '2023-04-02'),
(49, 'mastercard', 10, '361.67', '2020-01-23'),
(50, 'mastercard', 12, '313.09', '2020-08-10'),
(51, 'mastercard', 139, '466.80', '2020-04-04'),
(52, 'mastercard', 134, '571.24', '2020-01-31'),
(53, 'mastercard', 18, '695.56', '2020-05-06'),
(54, 'mastercard', 66, '289.66', '2021-09-10'),
(55, 'mastercard', 22, '256.04', '2021-06-28'),
(56, 'mastercard', 159, '697.66', '2021-08-05'),
(57, 'mastercard', 165, '20.26', '2022-03-30'),
(58, 'mastercard', 127, '65.53', '2022-11-17'),
(59, 'mastercard', 18, '56.10', '2019-12-04'),
(60, 'mastercard', 1, '207.01', '2020-02-19'),
(61, 'mastercard', 72, '676.31', '2021-08-20'),
(62, 'mastercard', 200, '451.25', '2020-01-08'),
(63, 'mastercard', 121, '140.50', '2020-01-18'),
(64, 'mastercard', 48, '463.24', '2021-08-23'),
(65, 'mastercard', 174, '747.54', '2022-06-08'),
(66, 'mastercard', 31, '39.77', '2022-02-09'),
(67, 'mastercard', 27, '703.63', '2021-01-17'),
(68, 'mastercard', 11, '215.55', '2020-06-08'),
(69, 'mastercard', 11, '560.51', '2022-10-16'),
(70, 'mastercard', 123, '608.41', '2020-11-07'),
(71, 'mastercard', 128, '425.95', '2020-09-14'),
(72, 'mastercard', 71, '357.46', '2023-05-28'),
(73, 'mastercard', 39, '366.86', '2020-12-03'),
(74, 'mastercard', 59, '127.95', '2022-08-01'),
(75, 'mastercard', 138, '308.12', '2022-10-25'),
(76, 'mastercard', 102, '183.36', '2020-02-24'),
(77, 'mastercard', 4, '577.60', '2021-08-29'),
(78, 'mastercard', 17, '775.76', '2020-11-28'),
(79, 'mastercard', 64, '647.00', '2022-02-23'),
(80, 'mastercard', 83, '139.25', '2019-12-13'),
(81, 'mastercard', 137, '696.24', '2022-01-26'),
(82, 'mastercard', 99, '343.48', '2021-09-09'),
(83, 'mastercard', 24, '489.91', '2020-11-17'),
(84, 'mastercard', 85, '678.51', '2021-12-15'),
(85, 'mastercard', 95, '208.78', '2020-09-18'),
(86, 'mastercard', 41, '337.47', '2022-04-16'),
(87, 'mastercard', 130, '224.75', '2022-12-09'),
(88, 'mastercard', 19, '700.97', '2023-07-03'),
(89, 'mastercard', 190, '670.70', '2022-12-16'),
(90, 'mastercard', 191, '723.78', '2020-01-27'),
(91, 'mastercard', 133, '426.53', '2022-07-28'),
(92, 'mastercard', 143, '751.24', '2020-12-13'),
(93, 'mastercard', 84, '780.17', '2021-06-01'),
(94, 'mastercard', 36, '659.02', '2022-11-24'),
(95, 'mastercard', 166, '213.57', '2019-12-12'),
(96, 'mastercard', 193, '660.20', '2021-09-28'),
(97, 'mastercard', 87, '797.31', '2023-07-24'),
(98, 'mastercard', 128, '507.31', '2019-11-23'),
(99, 'mastercard', 197, '528.41', '2021-02-24'),
(100, 'mastercard', 2, '355.25', '2022-06-02'),
(101, 'mastercard', 110, '38.67', '2020-01-22'),
(102, 'mastercard', 63, '32.99', '2020-09-05'),
(103, 'mastercard', 1, '99.65', '2021-03-22'),
(104, 'mastercard', 6, '181.73', '2021-11-03'),
(105, 'mastercard', 138, '75.52', '2020-01-20'),
(106, 'mastercard', 179, '648.83', '2023-09-17'),
(107, 'mastercard', 128, '502.85', '2020-07-18'),
(108, 'mastercard', 151, '150.83', '2022-11-03'),
(109, 'mastercard', 84, '212.02', '2022-07-23'),
(110, 'mastercard', 38, '772.13', '2022-07-17'),
(111, 'mastercard', 44, '335.90', '2023-08-11'),
(112, 'mastercard', 111, '151.63', '2022-03-30'),
(113, 'mastercard', 163, '70.05', '2021-04-03'),
(114, 'mastercard', 35, '601.32', '2020-07-15'),
(115, 'mastercard', 9, '237.46', '2023-10-02'),
(116, 'mastercard', 107, '419.39', '2021-12-23'),
(117, 'mastercard', 155, '111.92', '2023-05-25'),
(118, 'mastercard', 30, '383.02', '2020-03-13'),
(119, 'mastercard', 86, '207.98', '2022-03-20'),
(120, 'mastercard', 44, '113.66', '2019-11-24'),
(121, 'mastercard', 49, '609.13', '2020-08-13'),
(122, 'mastercard', 29, '46.22', '2022-09-08'),
(123, 'mastercard', 116, '735.79', '2021-01-27'),
(124, 'mastercard', 88, '9.03', '2020-01-20'),
(125, 'mastercard', 27, '689.08', '2020-04-09'),
(126, 'mastercard', 138, '52.76', '2020-12-25'),
(127, 'mastercard', 158, '289.73', '2022-06-17'),
(128, 'mastercard', 124, '582.54', '2021-11-10'),
(129, 'mastercard', 139, '643.75', '2020-10-19'),
(130, 'mastercard', 189, '400.12', '2022-05-08'),
(131, 'mastercard', 14, '109.45', '2020-04-06'),
(132, 'mastercard', 48, '439.61', '2023-08-02'),
(133, 'mastercard', 38, '537.92', '2020-10-05'),
(134, 'mastercard', 2, '415.51', '2021-10-09'),
(135, 'mastercard', 90, '509.51', '2020-09-13'),
(136, 'mastercard', 116, '638.98', '2020-02-25'),
(137, 'mastercard', 65, '619.69', '2021-06-08'),
(138, 'mastercard', 116, '690.35', '2021-02-24'),
(139, 'mastercard', 189, '152.98', '2020-04-29'),
(140, 'mastercard', 51, '74.27', '2020-11-11'),
(141, 'mastercard', 171, '454.95', '2021-10-15'),
(142, 'mastercard', 134, '249.80', '2023-01-04'),
(143, 'mastercard', 25, '676.85', '2019-11-27'),
(144, 'mastercard', 187, '373.26', '2022-02-08'),
(145, 'mastercard', 132, '246.93', '2022-04-18'),
(146, 'mastercard', 139, '328.32', '2022-04-06'),
(147, 'mastercard', 165, '669.62', '2023-09-18'),
(148, 'mastercard', 174, '336.53', '2023-04-15'),
(149, 'mastercard', 35, '545.93', '2022-07-14'),
(150, 'mastercard', 18, '450.46', '2022-10-22'),
(151, 'mastercard', 111, '28.85', '2022-08-08'),
(152, 'mastercard', 44, '523.48', '2022-08-26'),
(153, 'mastercard', 144, '317.27', '2021-07-18'),
(154, 'mastercard', 91, '437.06', '2020-03-11'),
(155, 'mastercard', 45, '617.39', '2021-03-26'),
(156, 'mastercard', 139, '665.81', '2022-01-18'),
(157, 'mastercard', 91, '313.81', '2022-02-15'),
(158, 'mastercard', 99, '88.71', '2020-01-14'),
(159, 'mastercard', 200, '546.36', '2022-02-21'),
(160, 'mastercard', 38, '669.49', '2022-10-23'),
(161, 'mastercard', 172, '457.67', '2020-12-15'),
(162, 'mastercard', 142, '65.59', '2023-04-19'),
(163, 'mastercard', 21, '783.70', '2023-03-03'),
(164, 'mastercard', 30, '35.82', '2020-09-21'),
(165, 'mastercard', 16, '534.48', '2021-03-27'),
(166, 'mastercard', 127, '606.11', '2023-07-13'),
(167, 'mastercard', 114, '495.55', '2023-03-19'),
(168, 'mastercard', 178, '367.32', '2020-11-08'),
(169, 'mastercard', 160, '569.12', '2020-05-08'),
(170, 'mastercard', 180, '621.04', '2020-12-27'),
(171, 'mastercard', 37, '259.75', '2020-02-10'),
(172, 'mastercard', 157, '147.29', '2023-04-23'),
(173, 'mastercard', 58, '784.10', '2020-05-10'),
(174, 'mastercard', 194, '147.79', '2020-09-04'),
(175, 'mastercard', 164, '563.09', '2022-08-29'),
(176, 'mastercard', 165, '356.80', '2020-03-23'),
(177, 'mastercard', 57, '165.51', '2020-10-23'),
(178, 'mastercard', 104, '316.68', '2020-05-05'),
(179, 'mastercard', 101, '456.84', '2019-11-21'),
(180, 'mastercard', 39, '521.02', '2021-07-12'),
(181, 'mastercard', 45, '655.06', '2020-02-16'),
(182, 'mastercard', 1, '213.50', '2020-08-02'),
(183, 'mastercard', 72, '726.98', '2022-05-30'),
(184, 'mastercard', 166, '149.17', '2022-11-27'),
(185, 'mastercard', 23, '597.41', '2022-08-30'),
(186, 'mastercard', 137, '682.96', '2023-02-18'),
(187, 'mastercard', 101, '458.08', '2023-06-12'),
(188, 'mastercard', 200, '52.98', '2020-03-16'),
(189, 'mastercard', 119, '573.01', '2021-01-20'),
(190, 'mastercard', 195, '431.96', '2020-02-01'),
(191, 'mastercard', 9, '662.98', '2020-01-28'),
(192, 'mastercard', 153, '545.87', '2021-01-15'),
(193, 'mastercard', 158, '303.80', '2023-06-26'),
(194, 'mastercard', 196, '97.61', '2021-09-18'),
(195, 'mastercard', 169, '4.23', '2021-03-21'),
(196, 'mastercard', 1, '370.28', '2022-12-11'),
(197, 'mastercard', 3, '356.93', '2019-11-21'),
(198, 'mastercard', 85, '386.72', '2020-07-11'),
(199, 'mastercard', 109, '350.33', '2022-11-21'),
(200, 'mastercard', 178, '249.82', '2022-03-22');
select * from pagamento;




-- Tabela Endereço
select * from endereco;
insert into endereco (entregaID, rua, cidade, estado, cep) values
(1, 'Holmberg', 'Hartford', 'Connecticut', 5674969),
(2, 'Riverside', 'Honolulu', 'Hawaii', 3192603),
(3, 'Gale', 'Savannah', 'Georgia', 4587052),
(4, 'Porter', 'Erie', 'Pennsylvania', 4319318),
(5, 'Sloan', 'Memphis', 'Tennessee', 5191517),
(6, 'Canary', 'Grand Rapids', 'Michigan', 4291205),
(7, 'Old Shore', 'Atlanta', 'Georgia', 1741424),
(8, 'Lunder', 'Hollywood', 'Florida', 8793521),
(9, 'Vera', 'Philadelphia', 'Pennsylvania', 1207665),
(10, 'Forest Run', 'Oakland', 'California', 8090190),
(11, 'Reindahl', 'Detroit', 'Michigan', 8577285),
(12, 'Mosinee', 'El Paso', 'Texas', 5801072),
(13, 'Longview', 'South Bend', 'Indiana', 6584724),
(14, 'North', 'Omaha', 'Nebraska', 1369864),
(15, 'Autumn Leaf', 'Charlotte', 'North Carolina', 3210694),
(16, 'Corry', 'Anchorage', 'Alaska', 4901914),
(17, 'Merrick', 'Camden', 'New Jersey', 3435084),
(18, 'Dayton', 'New Orleans', 'Louisiana', 2114645),
(19, 'Trailsway', 'Huntington', 'West Virginia', 3285391),
(20, 'Spohn', 'Washington', 'District of Columbia', 8164283),
(21, '8th', 'Saint Louis', 'Missouri', 5611132),
(22, 'Brentwood', 'Sioux City', 'Iowa', 2345508),
(23, 'Anthes', 'Toledo', 'Ohio', 8840569),
(24, 'Claremont', 'Atlanta', 'Georgia', 6170650),
(25, 'Lien', 'Erie', 'Pennsylvania', 7087126),
(26, 'Toban', 'San Diego', 'California', 7659677),
(27, 'Morning', 'Boston', 'Massachusetts', 8399246),
(28, 'David', 'Colorado Springs', 'Colorado', 5981485),
(29, 'Golf Course', 'San Antonio', 'Texas', 6037443),
(30, 'Lyons', 'Sacramento', 'California', 2985312),
(31, 'Fremont', 'Las Cruces', 'New Mexico', 5200301),
(32, 'Northfield', 'Cincinnati', 'Ohio', 9956031),
(33, 'Katie', 'Kansas City', 'Kansas', 5169208),
(34, 'Shopko', 'Philadelphia', 'Pennsylvania', 4513909),
(35, 'Mosinee', 'El Paso', 'Texas', 3075792),
(36, 'Texas', 'San Antonio', 'Texas', 4521561),
(37, 'Schiller', 'Sacramento', 'California', 3208721),
(38, 'Maywood', 'Frankfort', 'Kentucky', 4796022),
(39, 'Boyd', 'Los Angeles', 'California', 9365417),
(40, 'Farmco', 'San Jose', 'California', 3564338),
(41, 'Manitowish', 'Sacramento', 'California', 1934672),
(42, 'La Follette', 'Petaluma', 'California', 9666730),
(43, 'Emmet', 'Jamaica', 'New York', 7818605),
(44, 'Golf', 'Mc Keesport', 'Pennsylvania', 9565908),
(45, 'Gerald', 'Young America', 'Minnesota', 4806172),
(46, 'Dapin', 'Atlanta', 'Georgia', 8015714),
(47, 'Transport', 'Chico', 'California', 9758500),
(48, '8th', 'Norman', 'Oklahoma', 5992794),
(49, 'Blackbird', 'Atlanta', 'Georgia', 2952073),
(50, 'John Wall', 'Philadelphia', 'Pennsylvania', 4473570),
(51, 'Kinsman', 'Colorado Springs', 'Colorado', 7063989),
(52, 'Mockingbird', 'Sioux City', 'Iowa', 9455156),
(53, 'Old Gate', 'Fort Wayne', 'Indiana', 9084562),
(54, 'Park Meadow', 'Bradenton', 'Florida', 1904293),
(55, 'Basil', 'Houston', 'Texas', 1124949),
(56, 'Morning', 'Glendale', 'Arizona', 8104451),
(57, 'Northport', 'Winter Haven', 'Florida', 9585780),
(58, 'La Follette', 'Baltimore', 'Maryland', 1858469),
(59, 'Blackbird', 'Naples', 'Florida', 8516289),
(60, 'Browning', 'Peoria', 'Illinois', 6228118),
(61, 'Summer Ridge', 'Richmond', 'Virginia', 3886473),
(62, 'Lyons', 'Fresno', 'California', 7331221),
(63, 'Schiller', 'New Orleans', 'Louisiana', 9273968),
(64, 'Spenser', 'New York City', 'New York', 3700367),
(65, 'Fulton', 'Atlanta', 'Georgia', 8093713),
(66, 'Stephen', 'Paterson', 'New Jersey', 6487373),
(67, 'Namekagon', 'Vancouver', 'Washington', 9822402),
(68, 'Village Green', 'Columbia', 'South Carolina', 1542229),
(69, 'Farragut', 'Newark', 'Delaware', 4218724),
(70, 'Cottonwood', 'Tucson', 'Arizona', 7450964),
(71, 'Thompson', 'Springfield', 'Illinois', 3492632),
(72, 'Bluejay', 'Montgomery', 'Alabama', 2884110),
(73, 'Sommers', 'Jamaica', 'New York', 9774426),
(74, 'Farwell', 'El Paso', 'Texas', 8094947),
(75, 'Sutteridge', 'Reno', 'Nevada', 3881114),
(76, 'Forest Run', 'Boston', 'Massachusetts', 1647573),
(77, 'Farwell', 'Toledo', 'Ohio', 7417423),
(78, 'Morningstar', 'Phoenix', 'Arizona', 9816844),
(79, 'Arapahoe', 'Elmira', 'New York', 1380111),
(80, 'Miller', 'Springfield', 'Illinois', 1923872),
(81, 'Hermina', 'Albany', 'New York', 1921890),
(82, 'Beilfuss', 'Los Angeles', 'California', 8469488),
(83, 'Chinook', 'Bethesda', 'Maryland', 8937083),
(84, 'Nevada', 'Monticello', 'Minnesota', 4896748),
(85, 'Loftsgordon', 'Honolulu', 'Hawaii', 7259301),
(86, 'North', 'Austin', 'Texas', 3486481),
(87, 'Montana', 'Charlotte', 'North Carolina', 1194053),
(88, 'Pine View', 'Sacramento', 'California', 5649290),
(89, 'Barby', 'Huntsville', 'Alabama', 6634553),
(90, 'Becker', 'Wilkes Barre', 'Pennsylvania', 3655307),
(91, 'Brentwood', 'Tacoma', 'Washington', 9754152),
(92, 'Red Cloud', 'Evansville', 'Indiana', 1728580),
(93, 'Marcy', 'Las Vegas', 'Nevada', 5943808),
(94, 'Wayridge', 'El Paso', 'Texas', 4524398),
(95, 'Northland', 'Fargo', 'North Dakota', 4812477),
(96, 'Reindahl', 'Erie', 'Pennsylvania', 8075839),
(97, 'Duke', 'San Bernardino', 'California', 1388214),
(98, 'Bartelt', 'Trenton', 'New Jersey', 4386485),
(99, 'Evergreen', 'Brooklyn', 'New York', 8152293),
(100, 'Melby', 'New Orleans', 'Louisiana', 1723144),
(101, 'Bunting', 'Irvine', 'California', 3271797),
(102, 'Pawling', 'Mesquite', 'Texas', 6683954),
(103, 'Stoughton', 'Glendale', 'California', 2933793),
(104, 'Hanover', 'Columbus', 'Ohio', 3276308),
(105, 'Prairieview', 'Edmond', 'Oklahoma', 1161213),
(106, 'Sugar', 'Spring Hill', 'Florida', 4929673),
(107, 'Mifflin', 'Houston', 'Texas', 6375416),
(108, 'Farmco', 'Austin', 'Texas', 1140318),
(109, 'Anhalt', 'Philadelphia', 'Pennsylvania', 3954542),
(110, 'Duke', 'Trenton', 'New Jersey', 9785760),
(111, 'Forest Dale', 'Jersey City', 'New Jersey', 1337870),
(112, 'Fulton', 'Columbus', 'Ohio', 6745678),
(113, 'Scoville', 'Miami', 'Florida', 1944075),
(114, 'Sommers', 'Wilmington', 'Delaware', 3991357),
(115, 'Crescent Oaks', 'Philadelphia', 'Pennsylvania', 7643306),
(116, 'International', 'Fort Worth', 'Texas', 3609122),
(117, 'Lawn', 'Houston', 'Texas', 4672864),
(118, 'Cardinal', 'Sacramento', 'California', 6851705),
(119, 'Lakewood', 'Cincinnati', 'Ohio', 7595955),
(120, 'Schmedeman', 'New York City', 'New York', 9170883),
(121, 'Sloan', 'Sandy', 'Utah', 1776187),
(122, 'Amoth', 'Washington', 'District of Columbia', 3598972),
(123, 'Nancy', 'Houston', 'Texas', 9948397),
(124, 'Monterey', 'Dallas', 'Texas', 5100814),
(125, 'Florence', 'Fort Lauderdale', 'Florida', 9166458),
(126, 'Pond', 'Augusta', 'Georgia', 3076030),
(127, 'Memorial', 'Los Angeles', 'California', 6589199),
(128, 'Heffernan', 'El Paso', 'Texas', 8961615),
(129, 'Arizona', 'Orlando', 'Florida', 4018503),
(130, 'Village Green', 'Tallahassee', 'Florida', 6190805),
(131, 'Loftsgordon', 'Austin', 'Texas', 8191231),
(132, 'Sauthoff', 'Northridge', 'California', 5939271),
(133, '3rd', 'Los Angeles', 'California', 8049291),
(134, 'Crownhardt', 'Los Angeles', 'California', 5019113),
(135, 'Pepper Wood', 'Washington', 'District of Columbia', 7161217),
(136, 'Warbler', 'Denver', 'Colorado', 4785830),
(137, 'Upham', 'Sacramento', 'California', 7501386),
(138, 'Anniversary', 'Seattle', 'Washington', 5929680),
(139, 'Towne', 'Lubbock', 'Texas', 7987652),
(140, 'Lawn', 'Columbia', 'South Carolina', 6170033),
(141, 'Prentice', 'San Mateo', 'California', 7168141),
(142, 'Dapin', 'Memphis', 'Tennessee', 6496081),
(143, 'Southridge', 'Dallas', 'Texas', 4133514),
(144, 'Vera', 'Pittsburgh', 'Pennsylvania', 5193008),
(145, 'Hoffman', 'Saginaw', 'Michigan', 6217010),
(146, 'Cottonwood', 'Saint Louis', 'Missouri', 9505902),
(147, 'Reindahl', 'Peoria', 'Illinois', 8010027),
(148, 'Lyons', 'Brooklyn', 'New York', 6023831),
(149, 'Novick', 'Saint Cloud', 'Minnesota', 2994649),
(150, 'Ohio', 'Richmond', 'Virginia', 2084830),
(151, 'Luster', 'Miami', 'Florida', 7083178),
(152, 'Anthes', 'Terre Haute', 'Indiana', 2899533),
(153, 'Dottie', 'Columbus', 'Ohio', 1647365),
(154, 'Leroy', 'Dallas', 'Texas', 9681263),
(155, 'Prairieview', 'Waterbury', 'Connecticut', 1985927),
(156, 'Merry', 'Shawnee Mission', 'Kansas', 1228926),
(157, 'Farmco', 'Salt Lake City', 'Utah', 2067896),
(158, 'Debra', 'Louisville', 'Kentucky', 1845058),
(159, 'Springs', 'Saint Cloud', 'Minnesota', 7745649),
(160, 'Crest Line', 'Waterbury', 'Connecticut', 1641238),
(161, 'Carberry', 'Bronx', 'New York', 3540865),
(162, 'Vermont', 'Washington', 'District of Columbia', 2120900),
(163, 'Arrowood', 'Albany', 'New York', 4489724),
(164, 'Superior', 'Dallas', 'Texas', 1225069),
(165, 'Grayhawk', 'Toledo', 'Ohio', 3068391),
(166, 'Meadow Vale', 'Las Vegas', 'Nevada', 9579567),
(167, 'Sauthoff', 'Miami', 'Florida', 3050849),
(168, 'Homewood', 'Austin', 'Texas', 7827563),
(169, 'Crest Line', 'San Jose', 'California', 6435814),
(170, 'Lakeland', 'Fort Wayne', 'Indiana', 5153365),
(171, 'Nelson', 'Brockton', 'Massachusetts', 3996566),
(172, 'Mendota', 'Las Vegas', 'Nevada', 4433158),
(173, 'Dovetail', 'Santa Barbara', 'California', 7084870),
(174, 'Lyons', 'Providence', 'Rhode Island', 4134718),
(175, 'Warner', 'Tacoma', 'Washington', 4215826),
(176, 'Fuller', 'Orange', 'California', 7021138),
(177, 'Carberry', 'San Diego', 'California', 3868984),
(178, 'Garrison', 'Jacksonville', 'Florida', 7709713),
(179, 'Lyons', 'Trenton', 'New Jersey', 2517923),
(180, 'Kings', 'Waco', 'Texas', 3015531),
(181, 'Kenwood', 'Shreveport', 'Louisiana', 4196967),
(182, 'Veith', 'Chicago', 'Illinois', 7910583),
(183, 'Northridge', 'Jacksonville', 'Florida', 4715153),
(184, 'Blackbird', 'Montgomery', 'Alabama', 1521717),
(185, 'Maywood', 'Hot Springs National Park', 'Arkansas', 3557507),
(186, 'Fieldstone', 'Cincinnati', 'Ohio', 7027872),
(187, 'Logan', 'North Las Vegas', 'Nevada', 9637206),
(188, 'Montana', 'Miami', 'Florida', 1408567),
(189, 'Stephen', 'Frederick', 'Maryland', 9231298),
(190, 'Schiller', 'Fairfax', 'Virginia', 9437089),
(191, 'Johnson', 'Jamaica', 'New York', 5682521),
(192, 'Jenna', 'Monticello', 'Minnesota', 5697556),
(193, 'Acker', 'Baton Rouge', 'Louisiana', 8647718),
(194, 'Hayes', 'Northridge', 'California', 9282358),
(195, 'La Follette', 'San Antonio', 'Texas', 3873284),
(196, 'Clemons', 'Phoenix', 'Arizona', 4687833),
(197, 'Old Shore', 'San Jose', 'California', 3758479),
(198, 'Corben', 'Corpus Christi', 'Texas', 7821673),
(199, 'Dwight', 'Atlanta', 'Georgia', 7717638),
(200, 'Carioca', 'Saginaw', 'Michigan', 9971530);


-- Tabela Produtos
insert into produtos (produtoID, produto, descricao, valor) values 
(1, 'Bread Ww Cluster', 'Estrangeiro', 105.96),
(2, 'Oil - Olive', 'Estrangeiro', 5.16),
(3, 'Hagen Daza - Dk Choocolate', 'Estrangeiro', 57.63),
(4, 'Eggplant - Baby', 'Estrangeiro', 30.5),
(5, 'Pastry - Lemon Danish - Mini', 'Nacional', 45.17),
(6, 'Sole - Dover, Whole, Fresh', 'Estrangeiro', 96.64),
(7, 'Chocolate - Semi Sweet', 'Nacional', 67.83),
(8, 'Gatorade - Cool Blue Raspberry', 'Estrangeiro', 41.05),
(9, 'Apple - Custard', 'Estrangeiro', 3.26),
(10, 'Eel Fresh', 'Nacional', 47.87),
(11, 'Container - Hngd Cll Blk 7x7x3', 'Nacional', 97.86),
(12, 'Spring Roll Veg Mini', 'Nacional', 118.28),
(13, 'Artichokes - Knobless, White', 'Nacional', 118.69),
(14, 'Beans - Navy, Dry', 'Nacional', 66.32),
(15, 'Napkin White', 'Estrangeiro', 31.6),
(16, 'Macaroons - Homestyle Two Bit', 'Estrangeiro', 3.57),
(17, 'Seedlings - Clamshell', 'Nacional', 77.96),
(18, 'Cherries - Frozen', 'Estrangeiro', 29.52),
(19, 'Shrimp - Black Tiger 13/15', 'Nacional', 71.47),
(20, 'Veal - Osso Bucco', 'Estrangeiro', 12.95),
(21, 'Sole - Iqf', 'Nacional', 98.91),
(22, 'Cheese - Blue', 'Estrangeiro', 107.21),
(23, 'Isomalt', 'Estrangeiro', 112.19),
(24, 'Cheese - Feta', 'Estrangeiro', 80.22),
(25, 'Lobster - Tail, 3 - 4 Oz', 'Nacional', 12.92),
(26, 'Juice - Orange 1.89l', 'Estrangeiro', 24.52),
(27, 'Yogurt - Cherry, 175 Gr', 'Estrangeiro', 88.83),
(28, 'Pepper - Paprika, Spanish', 'Estrangeiro', 99.12),
(29, 'Muffin Mix - Carrot', 'Estrangeiro', 25.38),
(30, 'Peppercorns - Pink', 'Nacional', 57.02),
(31, 'Wine - Red, Wolf Blass, Yellow', 'Nacional', 82.01),
(32, 'Bread - French Stick', 'Nacional', 79.06),
(33, 'Tuna - Yellowfin', 'Nacional', 56.93),
(34, 'Wine - Pinot Noir Stoneleigh', 'Nacional', 6.28),
(35, 'Soup - Campbells, Beef Barley', 'Estrangeiro', 94.54),
(36, 'Heavy Duty Dust Pan', 'Estrangeiro', 115.07),
(37, 'Lamb - Racks, Frenched', 'Estrangeiro', 98.35),
(38, 'Pepper - Jalapeno', 'Estrangeiro', 24.78),
(39, 'Rice - Jasmine Sented', 'Nacional', 75.23),
(40, 'Foil - Round Foil', 'Nacional', 92.25),
(41, 'Potato - Sweet', 'Nacional', 5.63),
(42, 'Bread - Italian Roll With Herbs', 'Estrangeiro', 46.77),
(43, 'Capon - Breast, Double, Wing On', 'Nacional', 34.35),
(44, 'Wine - Beaujolais Villages', 'Estrangeiro', 47.61),
(45, 'Glass Clear 8 Oz', 'Nacional', 44.31),
(46, 'Filling - Mince Meat', 'Estrangeiro', 89.7),
(47, 'Beef Dry Aged Tenderloin Aaa', 'Estrangeiro', 71.54),
(48, 'Wine - Red, Gamay Noir', 'Nacional', 74.85),
(49, 'Chinese Foods - Chicken Wing', 'Estrangeiro', 99.12),
(50, 'Wine - Placido Pinot Grigo', 'Nacional', 34.66),
(51, 'Pork Salted Bellies', 'Nacional', 87.94),
(52, 'Pears - Anjou', 'Estrangeiro', 76.9),
(53, 'Compound - Raspberry', 'Estrangeiro', 64.77),
(54, 'Bread Crumbs - Panko', 'Nacional', 19.54),
(55, 'Russian Prince', 'Nacional', 74.16),
(56, 'Sole - Dover, Whole, Fresh', 'Estrangeiro', 83.56),
(57, 'Pork - Ham, Virginia', 'Estrangeiro', 22.34),
(58, 'Sauce - Soya, Light', 'Estrangeiro', 43.14),
(59, 'Cheese - Swiss', 'Estrangeiro', 81.17),
(60, 'Water - Aquafina Vitamin', 'Nacional', 41.21),
(61, 'Tomatoes', 'Nacional', 29.44),
(62, 'Lamb - Shoulder', 'Nacional', 35.45),
(63, 'Fish - Soup Base, Bouillon', 'Estrangeiro', 3.19),
(64, 'Wine - Baron De Rothschild', 'Nacional', 27.81),
(65, 'Nantucket - Pomegranate Pear', 'Nacional', 39.86),
(66, 'Bacon Strip Precooked', 'Nacional', 82.13),
(67, 'Coffee - Ristretto Coffee Capsule', 'Nacional', 25.05),
(68, 'Coffee - Dark Roast', 'Nacional', 48.15),
(69, 'Pepper - Red, Finger Hot', 'Nacional', 64.1),
(70, 'Sprouts - Peppercress', 'Estrangeiro', 105.29),
(71, 'Nut - Cashews, Whole, Raw', 'Estrangeiro', 40.0),
(72, 'Energy Drink - Franks Original', 'Estrangeiro', 4.89),
(73, 'Spice - Pepper Portions', 'Nacional', 2.4),
(74, 'Tobasco Sauce', 'Nacional', 61.39),
(75, 'Juice - Lemon', 'Nacional', 68.03),
(76, 'Soup Campbells - Tomato Bisque', 'Nacional', 96.72),
(77, 'Absolut Citron', 'Estrangeiro', 48.0),
(78, 'Soup - Campbells Chili', 'Estrangeiro', 42.01),
(79, 'Bacardi Limon', 'Estrangeiro', 56.46),
(80, 'Wine - Gewurztraminer Pierre', 'Nacional', 114.09),
(81, 'Crush - Cream Soda', 'Estrangeiro', 13.48),
(82, 'Wine - Ruffino Chianti Classico', 'Estrangeiro', 20.85),
(83, 'Wine - Pinot Grigio Collavini', 'Nacional', 117.68),
(84, 'Bread - Bistro Sour', 'Estrangeiro', 30.71),
(85, 'Coffee - Cafe Moreno', 'Nacional', 93.23),
(86, 'Beans - Black Bean, Preserved', 'Nacional', 37.94),
(87, 'Sauce Tomato Pouch', 'Nacional', 75.5),
(88, 'Rice Wine - Aji Mirin', 'Nacional', 87.69),
(89, 'Red Currant Jelly', 'Estrangeiro', 118.4),
(90, 'Sauce - Hoisin', 'Nacional', 56.07),
(91, 'Pernod', 'Estrangeiro', 93.95),
(92, 'Bread - Pita', 'Estrangeiro', 67.22),
(93, 'Muffin Chocolate Individual Wrap', 'Estrangeiro', 65.33),
(94, 'Wine - Red, Colio Cabernet', 'Nacional', 82.81),
(95, 'Veal - Insides, Grains', 'Estrangeiro', 44.51),
(96, 'Garlic Powder', 'Nacional', 12.68),
(97, 'Eggplant Oriental', 'Nacional', 27.16),
(98, 'Turnip - Mini', 'Nacional', 25.09),
(99, 'Cake - Box Window 10x10x2.5', 'Estrangeiro', 86.48),
(100, 'Creme De Menth - White', 'Nacional', 26.34),
(101, 'Trout - Hot Smkd, Dbl Fillet', 'Estrangeiro', 106.29),
(102, 'Juice - Tomato, 48 Oz', 'Nacional', 28.69),
(103, 'Garam Marsala', 'Nacional', 27.43),
(104, 'Crab Meat Claw Pasteurise', 'Nacional', 72.45),
(105, 'Pear - Packum', 'Estrangeiro', 24.68),
(106, 'Oil - Peanut', 'Nacional', 14.44),
(107, 'Mousse - Banana Chocolate', 'Estrangeiro', 64.14),
(108, 'Capon - Breast, Double, Wing On', 'Estrangeiro', 73.53),
(109, 'Cognac - Courvaisier', 'Estrangeiro', 98.02),
(110, 'Cheese - Le Cru Du Clocher', 'Nacional', 14.43),
(111, 'Fond - Neutral', 'Estrangeiro', 62.95),
(112, 'Veal - Osso Bucco', 'Nacional', 52.14),
(113, 'Mushroom - Oyster, Fresh', 'Nacional', 43.2),
(114, 'Piping - Bags Quizna', 'Estrangeiro', 29.23),
(115, 'Soup Campbells Turkey Veg.', 'Nacional', 26.5),
(116, 'Sugar Thermometer', 'Estrangeiro', 45.49),
(117, 'Sugar Thermometer', 'Nacional', 108.2),
(118, 'Island Oasis - Mango Daiquiri', 'Estrangeiro', 32.95),
(119, 'Container Clear 8 Oz', 'Nacional', 35.1),
(120, 'Orange Roughy 4/6 Oz', 'Estrangeiro', 82.12),
(121, 'Mustard - Individual Pkg', 'Estrangeiro', 46.71),
(122, 'Onion - Dried', 'Nacional', 117.56),
(123, 'Lettuce - Iceberg', 'Nacional', 32.01),
(124, 'Bay Leaf Ground', 'Nacional', 80.7),
(125, 'Clam Nectar', 'Estrangeiro', 77.13),
(126, 'Mayonnaise', 'Nacional', 32.43),
(127, 'Cafe Royale', 'Estrangeiro', 14.7),
(128, 'Wiberg Super Cure', 'Nacional', 84.73),
(129, 'Yogurt - Strawberry, 175 Gr', 'Estrangeiro', 49.51),
(130, 'Extract - Lemon', 'Estrangeiro', 91.44),
(131, 'Hinge W Undercut', 'Nacional', 68.42),
(132, 'Cinnamon Rolls', 'Nacional', 66.55),
(133, 'Quiche Assorted', 'Nacional', 22.15),
(134, 'Puree - Kiwi', 'Estrangeiro', 105.98),
(135, 'Temperature Recording Station', 'Estrangeiro', 21.38),
(136, 'Mushroom - King Eryingii', 'Nacional', 94.82),
(137, 'Cheese - Blue', 'Nacional', 76.54),
(138, 'Stock - Chicken, White', 'Nacional', 64.01),
(139, 'Icecream - Dibs', 'Nacional', 73.83),
(140, 'Bread - Roll, Italian', 'Estrangeiro', 54.44),
(141, 'Mushroom Morel Fresh', 'Estrangeiro', 62.26),
(142, 'Wine - Jafflin Bourgongone', 'Estrangeiro', 58.07),
(143, 'Bread - Dark Rye', 'Nacional', 45.63),
(144, 'Gingerale - Schweppes, 355 Ml', 'Estrangeiro', 87.92),
(145, 'Carbonated Water - Orange', 'Nacional', 10.08),
(146, 'Jello - Assorted', 'Estrangeiro', 110.52),
(147, 'Sour Puss - Tangerine', 'Estrangeiro', 9.54),
(148, 'Wine - White, Pelee Island', 'Nacional', 26.48),
(149, 'Croissants Thaw And Serve', 'Estrangeiro', 86.22),
(150, 'Isomalt', 'Nacional', 76.55),
(151, 'Butter Sweet', 'Nacional', 4.31),
(152, 'Potatoes - Pei 10 Oz', 'Nacional', 54.43),
(153, 'Vinegar - Sherry', 'Nacional', 25.45),
(154, 'Wine - Shiraz South Eastern', 'Estrangeiro', 4.26),
(155, 'Dry Ice', 'Nacional', 70.75),
(156, 'Drambuie', 'Estrangeiro', 36.24),
(157, 'Cake - Cake Sheet Macaroon', 'Estrangeiro', 88.61),
(158, 'Quinoa', 'Estrangeiro', 60.77),
(159, 'Cake - Mini Potato Pancake', 'Nacional', 81.91),
(160, 'Soup - Campbells Bean Medley', 'Nacional', 95.74),
(161, 'Lamb - Sausage Casings', 'Estrangeiro', 105.16),
(162, 'Bread - Dark Rye, Loaf', 'Estrangeiro', 4.89),
(163, 'Sauce - Plum', 'Nacional', 67.87),
(164, 'Wine - Chablis J Moreau Et Fils', 'Nacional', 76.17),
(165, 'Capers - Pickled', 'Nacional', 36.46),
(166, 'Ice Cream Bar - Oreo Sandwich', 'Nacional', 90.89),
(167, 'Pastry - Banana Muffin - Mini', 'Nacional', 94.05),
(168, 'Buffalo - Short Rib Fresh', 'Estrangeiro', 100.62),
(169, 'Onions - Red Pearl', 'Estrangeiro', 111.42),
(170, 'Cheese - Comtomme', 'Nacional', 13.23),
(171, 'Crush - Grape, 355 Ml', 'Estrangeiro', 116.61),
(172, 'Pepper - Chilli Seeds Mild', 'Estrangeiro', 43.7),
(173, 'Cabbage - Savoy', 'Nacional', 18.81),
(174, 'Truffle Cups Green', 'Nacional', 118.07),
(175, 'Island Oasis - Strawberry', 'Nacional', 2.04),
(176, 'Wine - Shiraz South Eastern', 'Estrangeiro', 118.9),
(177, 'Pastry - Cherry Danish - Mini', 'Estrangeiro', 14.16),
(178, 'Trout - Smoked', 'Estrangeiro', 94.01),
(179, 'Wine - Balbach Riverside', 'Estrangeiro', 7.29),
(180, 'Butter Sweet', 'Estrangeiro', 79.21),
(181, 'Soup - Campbells Bean Medley', 'Nacional', 34.34),
(182, 'Alize Sunset', 'Estrangeiro', 94.0),
(183, 'Rum - Spiced, Captain Morgan', 'Nacional', 13.95),
(184, 'Butter - Salted, Micro', 'Estrangeiro', 2.17),
(185, 'Veal - Round, Eye Of', 'Nacional', 115.58),
(186, 'Cheese - Bakers Cream Cheese', 'Estrangeiro', 98.09),
(187, 'Muffin Hinge 117n', 'Estrangeiro', 66.42),
(188, 'Truffle Cups - Brown', 'Estrangeiro', 88.25),
(189, 'Corn - Cream, Canned', 'Estrangeiro', 94.41),
(190, 'Sea Urchin', 'Nacional', 4.72),
(191, 'Wiberg Cure', 'Estrangeiro', 114.38),
(192, 'Versatainer Nc - 8288', 'Estrangeiro', 97.96),
(193, 'Appetizer - Assorted Box', 'Nacional', 119.05),
(194, 'Breadfruit', 'Nacional', 17.55),
(195, 'Kolrabi', 'Nacional', 23.63),
(196, 'Noodles - Cellophane, Thin', 'Nacional', 102.94),
(197, 'Cheese - Parmigiano Reggiano', 'Estrangeiro', 102.82),
(198, 'Wiberg Cure', 'Estrangeiro', 56.85),
(199, 'Tea Leaves - Oolong', 'Estrangeiro', 38.96),
(200, 'Bread - Pumpernickle, Rounds', 'Estrangeiro', 73.95);


-- Tabela Pedido
insert into pedido (pedidoID, datapedido, userID, entregaID, cobrancaID, produtoID) values
 (1, '2022-07-03', 126, 80, 79, 90),
 (2, '2021-07-10', 190, 96, 200, 142),
(3, '2020-03-12', 127, 71, 42, 124),
(4, '2023-09-29', 19, 63, 108, 150),
(5, '2022-12-18', 116, 47, 164, 118),
(6, '2021-12-25', 37, 149, 73, 11),
(7, '2020-03-02', 100, 174, 78, 80),
(8, '2022-06-24', 161, 191, 95, 35),
(9, '2022-06-02', 80, 89, 165, 195),
(10, '2020-11-05', 31, 130, 87, 155),
(11, '2021-05-04', 120, 134, 177, 48),
(12, '2021-01-12', 69, 1, 61, 61),
(13, '2021-12-27', 25, 41, 126, 116),
(14, '2021-03-09', 124, 12, 73, 67),
(15, '2020-09-26', 91, 49, 25, 162),
(16, '2022-03-04', 40, 62, 126, 92),
(17, '2020-01-31', 66, 160, 71, 64),
(18, '2023-08-31', 180, 23, 179, 92),
(19, '2022-01-15', 198, 49, 16, 40),
(20, '2023-06-13', 76, 39, 189, 23),
(21, '2021-04-11', 2, 194, 95, 172),
(22, '2022-04-25', 32, 126, 105, 26),
(23, '2023-08-10', 25, 39, 150, 6),
(24, '2020-01-31', 161, 39, 117, 30),
(25, '2023-01-18', 93, 101, 84, 50),
(26, '2021-03-01', 60, 116, 96, 85),
(27, '2021-01-17', 183, 104, 140, 18),
(28, '2023-09-25', 48, 159, 141, 35),
(29, '2021-01-28', 14, 94, 48, 24),
(30, '2020-10-27', 85, 103, 16, 157),
(31, '2022-04-30', 113, 83, 137, 144),
(32, '2020-05-24', 2, 123, 153, 42),
(33, '2020-05-31', 86, 163, 16, 128),
(34, '2020-02-11', 60, 99, 185, 189),
(35, '2020-03-01', 105, 198, 146, 50),
(36, '2020-09-19', 39, 147, 166, 107),
(37, '2019-11-30', 115, 148, 90, 193),
(38, '2021-09-13', 1, 56, 59, 199),
(39, '2022-08-08', 109, 95, 172, 126),
(40, '2021-12-04', 144, 164, 161, 53),
(41, '2022-08-12', 157, 9, 59, 160),
(42, '2020-03-20', 38, 84, 153, 99),
(43, '2023-08-03', 194, 141, 54, 83),
(44, '2023-05-14', 172, 62, 137, 151),
(45, '2020-12-30', 152, 21, 2, 140),
(46, '2023-04-20', 32, 20, 190, 189),
(47, '2023-03-02', 183, 109, 110, 71),
(48, '2020-03-20', 191, 24, 147, 162),
(49, '2021-07-15', 65, 145, 160, 85),
(50, '2022-10-26', 33, 182, 94, 69),
(51, '2020-10-09', 152, 122, 136, 59),
(52, '2020-09-16', 54, 101, 120, 106),
(53, '2022-03-24', 8, 18, 112, 95),
(54, '2020-04-06', 113, 144, 61, 5),
(55, '2022-02-23', 109, 37, 178, 170),
(56, '2020-10-05', 187, 29, 44, 47),
(57, '2022-12-16', 113, 63, 182, 175),
(58, '2021-01-23', 121, 143, 74, 116),
(59, '2021-12-18', 10, 83, 101, 110),
(60, '2022-12-20', 78, 102, 124, 37),
(61, '2022-10-03', 105, 79, 155, 142),
(62, '2022-08-22', 90, 136, 38, 28),
(63, '2019-12-26', 48, 30, 83, 23),
(64, '2021-05-01', 66, 17, 27, 114),
(65, '2022-11-29', 93, 200, 65, 144),
(66, '2021-08-07', 188, 67, 131, 184),
(67, '2020-02-27', 196, 120, 178, 144),
(68, '2020-09-24', 54, 199, 125, 11),
(69, '2021-12-25', 85, 193, 23, 60),
(70, '2020-06-01', 97, 186, 109, 62),
(71, '2020-09-09', 141, 196, 75, 2),
(72, '2023-06-07', 116, 121, 80, 49),
(73, '2019-12-08', 77, 35, 148, 152),
(74, '2020-07-25', 48, 195, 74, 116),
(75, '2020-12-29', 105, 92, 67, 20),
(76, '2023-05-17', 5, 88, 79, 93),
(77, '2022-07-11', 4, 185, 147, 81),
(78, '2020-01-01', 196, 57, 95, 27),
(79, '2020-02-25', 148, 51, 176, 60),
(80, '2021-02-21', 132, 47, 159, 76),
(81, '2023-05-11', 77, 156, 55, 171),
(82, '2022-08-27', 196, 149, 2, 195),
(83, '2020-02-16', 159, 138, 36, 99),
(84, '2021-06-14', 24, 67, 119, 63),
(85, '2021-10-30', 176, 136, 44, 189),
(86, '2020-11-28', 76, 171, 51, 136),
(87, '2020-07-17', 91, 178, 152, 136),
(88, '2022-10-12', 136, 55, 148, 25),
(89, '2020-08-30', 200, 170, 65, 176),
(90, '2021-08-26', 176, 166, 132, 51),
(91, '2023-07-25', 8, 134, 51, 171),
(92, '2021-02-05', 11, 134, 77, 196),
(93, '2019-11-22', 10, 19, 104, 188),
(94, '2020-12-30', 123, 49, 118, 87),
(95, '2023-08-07', 68, 38, 48, 43),
(96, '2023-07-24', 153, 104, 33, 127),
(97, '2020-11-12', 96, 158, 81, 62),
(98, '2022-12-31', 178, 52, 113, 91),
(99, '2021-01-23', 47, 120, 56, 138),
(100, '2020-12-05', 39, 148, 163, 24),
(101, '2020-03-27', 86, 94, 46, 119),
(102, '2022-04-22', 174, 107, 89, 80),
(103, '2021-02-21', 13, 197, 1, 10),
(104, '2023-10-05', 80, 112, 25, 148),
(105, '2021-09-29', 44, 43, 16, 175),
(106, '2021-09-29', 173, 97, 3, 122),
(107, '2023-04-17', 22, 130, 76, 81),
(108, '2021-03-02', 31, 81, 179, 101),
(109, '2022-01-29', 173, 80, 37, 109),
(110, '2020-02-14', 10, 131, 70, 9),
(111, '2022-06-14', 120, 38, 200, 181),
(112, '2019-11-02', 158, 115, 36, 182),
(113, '2023-08-18', 120, 78, 87, 10),
(114, '2021-09-05', 145, 199, 165, 185),
(115, '2020-11-28', 69, 69, 4, 129),
(116, '2023-07-23', 88, 61, 47, 158),
(117, '2021-01-08', 149, 22, 53, 26),
(118, '2020-05-18', 99, 164, 26, 14),
(119, '2022-05-30', 45, 161, 53, 176),
(120, '2023-07-25', 108, 99, 132, 7),
(121, '2022-08-06', 39, 6, 90, 40),
(122, '2021-06-15', 149, 7, 155, 169),
(123, '2019-12-04', 145, 108, 160, 153),
(124, '2020-03-03', 9, 165, 81, 104),
(125, '2022-03-10', 115, 174, 103, 119),
(126, '2020-09-14', 195, 167, 160, 91),
(127, '2023-01-31', 62, 62, 43, 151),
(128, '2021-09-04', 44, 130, 105, 7),
(129, '2023-08-05', 9, 99, 170, 178),
(130, '2022-09-15', 22, 140, 128, 16),
(131, '2020-09-12', 181, 193, 9, 55),
(132, '2021-04-19', 16, 148, 25, 58),
(133, '2021-03-26', 108, 1, 12, 152),
(134, '2020-07-13', 42, 72, 38, 127),
(135, '2021-07-06', 140, 168, 97, 124),
(136, '2021-04-05', 4, 172, 188, 143),
(137, '2021-04-17', 100, 185, 160, 66),
(138, '2020-09-29', 134, 112, 30, 146),
(139, '2023-03-14', 19, 177, 171, 131),
(140, '2023-01-25', 44, 149, 142, 67),
(141, '2021-08-14', 33, 178, 117, 133),
(142, '2020-05-06', 161, 156, 53, 68),
(143, '2021-03-19', 162, 27, 149, 185),
(144, '2020-08-01', 188, 172, 86, 197),
(145, '2020-10-20', 14, 66, 132, 77),
(146, '2021-02-04', 191, 88, 106, 62),
(147, '2023-08-02', 138, 147, 90, 10),
(148, '2021-11-14', 54, 188, 98, 113),
(149, '2020-08-23', 50, 131, 129, 68),
(150, '2021-02-02', 179, 110, 11, 180),
(151, '2021-11-25', 166, 15, 44, 11),
(152, '2021-10-29', 172, 33, 57, 174),
(153, '2020-12-13', 136, 56, 139, 91),
(154, '2019-12-05', 114, 105, 135, 112),
(155, '2023-05-17', 142, 124, 161, 84),
(156, '2023-07-24', 137, 22, 194, 109),
(157, '2022-12-24', 128, 49, 21, 160),
(158, '2020-01-10', 71, 43, 141, 138),
(159, '2021-03-01', 159, 75, 156, 173),
(160, '2020-06-21', 33, 16, 127, 107),
(161, '2022-08-29', 123, 120, 145, 186),
(162, '2020-05-19', 159, 19, 127, 190),
(163, '2020-09-23', 6, 11, 63, 66),
(164, '2021-05-29', 65, 146, 112, 110),
(165, '2020-06-08', 169, 157, 69, 127),
(166, '2023-03-31', 190, 122, 120, 19),
(167, '2023-01-22', 97, 143, 168, 193),
(168, '2020-12-14', 18, 24, 54, 95),
(169, '2021-05-16', 2, 33, 112, 192),
(170, '2020-01-01', 150, 4, 14, 113),
(171, '2020-06-21', 167, 68, 76, 72),
(172, '2022-10-11', 147, 18, 16, 38),
(173, '2022-10-13', 51, 67, 180, 194),
(174, '2022-04-22', 199, 29, 152, 103),
(175, '2019-12-07', 148, 65, 196, 95),
(176, '2022-02-02', 126, 41, 184, 164),
(177, '2022-06-20', 87, 134, 99, 180),
(178, '2022-12-08', 6, 123, 173, 181),
(179, '2020-01-09', 63, 53, 26, 157),
(180, '2019-12-02', 64, 83, 149, 107),
(181, '2020-10-06', 56, 57, 133, 22),
(182, '2022-04-15', 74, 91, 156, 72),
(183, '2021-01-16', 195, 65, 25, 81),
(184, '2021-07-12', 123, 44, 9, 105),
(185, '2020-10-10', 144, 51, 131, 50),
(186, '2021-10-05', 162, 125, 92, 104),
(187, '2023-04-13', 48, 125, 106, 152),
(188, '2021-06-26', 2, 55, 13, 3),
(189, '2022-07-31', 132, 165, 107, 174),
(190, '2019-10-19', 182, 36, 142, 58),
(191, '2023-08-13', 190, 125, 36, 94),
(192, '2021-07-06', 55, 193, 17, 4),
(193, '2022-08-03', 163, 171, 70, 96),
(194, '2020-09-07', 158, 146, 84, 158),
(195, '2022-11-28', 185, 32, 95, 84),
(196, '2023-05-12', 141, 49, 132, 152),
(197, '2021-09-03', 109, 56, 86, 184),
(198, '2023-04-01', 71, 48, 142, 55),
(199, '2021-08-25', 20, 18, 10, 94),
(200, '2021-05-30', 167, 35, 128, 178);

-- Validação
select * from usuario;
select * from endereco;
select * from pagamento;
select * from produtos;
select * from pedido;

-- ADD chaves estrangeiras
alter table usuario add FOREIGN KEY (entregaID) REFERENCES endereco(entregaID);
alter table usuario add FOREIGN KEY (cobrancaID) REFERENCES pagamento(cobrancaID);
alter table pedido add FOREIGN KEY (userID) REFERENCES usuario(userID);
alter table pedido add FOREIGN KEY (entregaID) REFERENCES endereco(entregaID);
alter table pedido add FOREIGN KEY (cobrancaID) REFERENCES pagamento(cobrancaID);
alter table pedido add FOREIGN KEY (produtoID) REFERENCES produtos(produtoID);
alter table pagamento add FOREIGN KEY (userID) REFERENCES usuario(userID);